Segment,num_customers,avg_monetary
Champions,236,27503.47033898305
Loyal Customers,255,15117.523529411765
Potential Loyalists,232,8687.556034482759
At Risk,138,4202.326086956522
Lost / Inactive,79,1730.107594936709
